,time,E,N,U,Az,El,Dist
0,2021-07-17 00:00:00,0.6789075603996082,-0.5527794263619352,2.026642160273475,-50.846864827175544,66.63614757650726,0.875488760508539
1,2021-07-17 00:05:00,0.705956899075199,-0.3110056188672673,1.6078884014158934,-66.22436049836749,64.36940436473292,0.7714270142527305
2,2021-07-17 00:10:00,0.45278308092765074,-0.7057515614599805,0.28868003224433125,-32.682671018932844,18.997442752230484,0.8385092634416964
3,2021-07-17 00:15:00,0.45973959097381745,-0.9026751537897644,-0.20130216739796558,-26.990103723650208,-11.239258057978851,1.0130068730162436
4,2021-07-17 00:20:00,0.573549091148632,-0.8234270186533172,-1.1404838411735492,-34.858718740622336,-48.65608939993813,1.0034892201741443
5,2021-07-17 00:25:00,0.9543779428156364,-0.8217160191145877,-0.45778490140042266,-49.27166592170293,-19.9761209107537,1.2593865466180474
6,2021-07-17 00:30:00,0.9926466984650553,-0.6835461183762137,-0.7813596289822662,-55.44832597540826,-32.955612573473566,1.2052314150903813
7,2021-07-17 00:35:00,1.1241295084986669,-0.8912724212515469,-1.6752911323264978,-51.59066162858919,-49.42590383291278,1.4345848461353023
8,2021-07-17 00:40:00,1.2418758167643325,-1.2710716075245703,-2.6452286745785143,-44.33435920121177,-56.10713058347323,1.777042086085519
9,2021-07-17 00:45:00,1.1112711295943296,-1.0655305947026301,-4.643830160990751,-46.20376328222297,-71.65807000718745,1.5395710349695457
10,2021-07-17 00:50:00,1.5317095928224513,-1.5851343814487384,-5.024846067155756,-44.01800821285536,-66.31422689134156,2.2042652481031393
11,2021-07-17 00:55:00,1.7622298866341253,-2.1123952887127633,-6.9249745012325565,-39.835979320045354,-68.33459714324957,2.7509394811813657
12,2021-07-17 01:00:00,1.1584857610899786,-2.1897674467859023,-10.291346345481443,-27.88085980087584,-76.46527489071919,2.4773313725966246
13,2021-07-17 01:05:00,0.9472674440314969,-2.028418540763375,-11.497710771642705,-25.032481532680137,-78.98187034495342,2.2387043992082973
14,2021-07-17 01:10:00,1.1596673561495243,-2.238481985343851,-12.518266570877241,-27.38685449649385,-78.61358138855009,2.5210374800125
15,2021-07-17 01:15:00,0.8258637757977713,-2.197809508837201,-13.016913209818458,-20.59455173233359,-79.7755224776927,2.347853831334091
16,2021-07-17 01:20:00,1.0835324062077638,-2.3813025986863208,-14.151005646774294,-24.466326955148702,-79.52547211524693,2.6162271579151173
17,2021-07-17 01:25:00,0.9518327856110311,-1.7643903921482105,-14.741020911965386,-28.345457193084307,-82.25536474573859,2.004759114624241
18,2021-07-17 01:30:00,1.2624185756025126,-1.6102851444511144,-12.626106092640528,-38.095454923261435,-80.79485133925128,2.0461473325413846
19,2021-07-17 01:35:00,1.3410324190916938,-1.6706850851688273,-12.860524224232847,-38.75345983884416,-80.54242726857919,2.142325046033046
20,2021-07-17 01:40:00,1.505411945830178,-1.314932773879308,-12.741967196066202,-48.86374909107485,-81.08468668602502,1.9988279882146271
21,2021-07-17 01:45:00,1.7521389374741305,-1.2565804930719366,-11.845309008400339,-54.35306557069441,-79.68364483220712,2.156150595803059
22,2021-07-17 01:50:00,2.276389418013399,-0.9627131086544507,-12.627996221183107,-67.07589973474838,-78.92587877760486,2.4715916555973596
23,2021-07-17 01:55:00,2.2862298542333006,-1.0057574730376873,-12.259020018588007,-66.25436187141223,-78.48405901618649,2.4976779297897425
24,2021-07-17 02:00:00,2.2657494358531007,-1.3440120421555308,-9.737878594426654,-59.324152935988934,-74.86213855179133,2.6343858630670876
25,2021-07-17 02:05:00,2.2545465425658575,-0.6264810824412717,-4.905307617033371,-74.47074222739056,-64.49754423419219,2.33996979879067
26,2021-07-17 02:10:00,2.2985508372021064,-0.16751328229371998,-4.102376413746803,-85.83177973827553,-60.673447898932544,2.3046467518791944
27,2021-07-17 02:15:00,2.0262737835719213,-0.11249308588673013,-4.022704031453499,-86.82235963526796,-63.22973843721274,2.029394032799739
28,2021-07-17 02:20:00,2.2348869100894477,-0.1912316532591849,-3.622971337864198,-85.10930824017214,-58.23752762289125,2.243053509414655
29,2021-07-17 02:25:00,2.2102404320809645,-0.40871522960639695,-3.0963662637625298,-79.52327483438006,-54.023374201816566,2.2477123718389014
30,2021-07-17 02:30:00,2.3546364728920395,-0.2976821628152775,-3.2501942798817516,-82.79467335640703,-53.86207991772568,2.373378939304014
31,2021-07-17 02:35:00,2.13616508829003,-1.6858176411068355,-5.424280000527921,-51.720222892395206,-63.358048311831865,2.721246479739784
32,2021-07-17 02:40:00,2.5682755045711807,-2.1314702597525,-4.885386875309031,-50.3099477769945,-55.6603230429105,3.3375446866805762
33,2021-07-17 02:45:00,1.8509345254727982,0.19570789687563317,-3.281685982905066,83.96427742867225,-60.43967745889168,1.861252319941253
34,2021-07-17 02:50:00,1.6086792003382362,-0.03312538364864315,-2.7938135361471623,-88.82035119727684,-60.061389616576015,1.6090202175991255
35,2021-07-17 02:55:00,1.7315980609685673,-0.0009592061167988941,-2.8454459471370708,-89.96826142406074,-58.6773644231848,1.7315983266411632
36,2021-07-17 03:00:00,1.5398861095139573,-0.15961652075466737,-2.272777621677573,-84.08215389033916,-55.73867968068001,1.548136513351409
37,2021-07-17 03:05:00,1.6387757370988012,-0.4557442069066415,-1.9581052276820472,-74.45872905865636,-49.019804444333325,1.7009669892836494
38,2021-07-17 03:10:00,1.5360807401616259,-0.6302849905355898,-2.703811455232122,-67.69066557963637,-58.44665659900408,1.6603623729746277
39,2021-07-17 03:15:00,1.4663076568070943,-0.40037296941004985,-1.714096043052575,-74.72775689252812,-48.43478472093904,1.519985743040155
40,2021-07-17 03:20:00,1.4098296067407694,-1.0340412606266511,-1.4776129942890988,-53.7417697803854,-40.20211284797585,1.748388071545098
41,2021-07-17 03:25:00,1.2047041707232018,-0.58347852310704,-1.530534725624186,-64.15754087400182,-48.827896061737654,1.3385661455023619
42,2021-07-17 03:30:00,0.8771043732686313,-1.1696631525894376,-1.710183229444173,-36.86541456560434,-49.47369007474107,1.4619931505080388
43,2021-07-17 03:35:00,1.305311967030675,-1.0342922034510504,-1.045757780525773,-51.60769252331803,-32.12582462844795,1.6654127696739685
44,2021-07-17 03:40:00,1.521797668800462,-0.11727270826170727,-0.16026902599084164,-85.59338422876046,-5.994334909885802,1.5263096123885074
45,2021-07-17 03:45:00,2.1565408112529054,-0.45588199114917616,-1.1378248134208575,-78.06368953507831,-27.30312956648995,2.204199777799979
46,2021-07-17 03:50:00,1.073934847554709,-0.9484961905517446,-0.0573903622982993,-48.54914980676459,-2.293702227909843,1.4328227665288988
47,2021-07-17 03:55:00,1.1157697681427599,-0.8252431545552754,0.05693363150069086,-53.5127122905731,2.3492188189044656,1.3877926500892308
48,2021-07-17 04:00:00,1.6032460771285337,-1.0355748546163066,-0.7278034705785642,-57.14061906420685,-20.873116620261115,1.9086155357592625
49,2021-07-17 04:05:00,1.5649309116561803,-1.1051576853177805,-1.1053846677163504,-54.77017671165769,-29.98391657657242,1.915824174519676
50,2021-07-17 04:10:00,1.7705290599370653,-0.5060171329959918,-2.3589319717921184,-74.05006594565027,-52.023837225508,1.8414196944116545
51,2021-07-17 04:15:00,1.3406237388649682,-0.7912405175767301,-1.2699101765869865,-59.450756616289574,-39.20644792576302,1.556705998531315
52,2021-07-17 04:20:00,1.8155026974797093,-0.09911014243133476,-3.1815458902595224,-86.87526663195821,-60.252678858741845,1.8182059467752436
53,2021-07-17 04:25:00,1.6159998937988211,0.06749039419945113,-3.057112217779051,87.60849684458651,-62.118285943418854,1.6174086094945206
54,2021-07-17 04:30:00,1.6464934071195472,-0.14022943648126218,-2.734055813012791,-85.13194996331133,-58.851374965100405,1.6524541853086236
55,2021-07-17 04:35:00,1.5578684480868348,-0.48047238394251224,-3.1825292452497123,-72.8593725158181,-62.87580878662398,1.6302784465470566
56,2021-07-17 04:40:00,0.6201459196628734,0.3224883697541321,-2.421343380627201,62.5246599252654,-73.89781755640409,0.6989847711511237
57,2021-07-17 04:45:00,0.8158039507508745,-0.8732016919831406,-1.9751023746204082,-43.053657637955034,-58.82479118608902,1.1949967702646542
58,2021-07-17 04:50:00,0.687894704563129,-1.1944228913280224,-1.927353014094292,-29.938596929782232,-54.429502070147166,1.378348710557088
59,2021-07-17 04:55:00,0.6053352590500076,-1.2968455675742672,-1.8850085267099574,-25.021996430379772,-52.79290909993187,1.4311670768942957
60,2021-07-17 05:00:00,0.5485395900597405,-1.4485705558015403,-2.898991099858731,-20.74049795489558,-61.88408593274405,1.5489520124904101
61,2021-07-17 05:05:00,0.36632967365268043,-1.478465770976447,-2.518632516519446,-13.91629955578974,-58.836035805575214,1.5231738133737263
62,2021-07-17 05:10:00,0.006360990130179961,-1.4968836436567003,-2.9151910629588413,-0.24347630207574741,-62.82033296657011,1.496897159073527
63,2021-07-17 05:15:00,-0.3139572204047818,-1.2259150437302788,-2.7776534925228287,14.364730160518755,-65.50633244962138,1.265478893813922
64,2021-07-17 05:20:00,-0.606843260349911,-1.3009832021359722,-2.9859232732888437,25.006685768638793,-64.32296260229093,1.4355542605112763
65,2021-07-17 05:25:00,-0.6557430954348021,-0.9194306852568517,-4.370616216169516,35.496677545115794,-75.51233073214446,1.1293147445253249
66,2021-07-17 05:30:00,-0.7914751614559239,-0.8279601948603461,-4.048898152025599,43.709374324472286,-74.20417157210882,1.1454043021897826
67,2021-07-17 05:35:00,-0.7087136353879997,-1.1057729176635585,-5.4145817940074235,32.656683399303944,-76.36530971060496,1.31339588944958
68,2021-07-17 05:40:00,-0.9532768261762851,-0.9094898262557152,-5.7824369423419295,46.34657143437494,-77.16418792200749,1.3175387855343699
69,2021-07-17 05:45:00,-0.9498004405499092,-0.66310825021788,-6.617588863714145,55.0789749751527,-80.07125703921716,1.1583753400240442
70,2021-07-17 05:50:00,-1.1525683049847566,-0.3202860347568026,-7.151704302295318,74.46997397077855,-80.50422442218492,1.196242802158354
71,2021-07-17 05:55:00,-1.2253294757958066,-0.29044693529579924,-7.857084168661908,76.66496152975961,-80.89444551441892,1.259282234638744
72,2021-07-17 06:00:00,-1.1747086185851079,0.1594559492739558,-9.016449992201677,-82.26986837588217,-82.50972321882946,1.1854815638958671
73,2021-07-17 06:05:00,-1.4808326906462517,-0.5796802808196473,-11.018438441381173,68.62186169753781,-81.78742459908773,1.590249881514777
74,2021-07-17 06:10:00,-0.6372238277261182,-0.23127097500962002,-10.75577598661025,70.05238195949894,-86.39364307856509,0.6778941440253233
75,2021-07-17 06:15:00,-0.9940147669480583,-0.361637392472292,-11.909931863412105,70.00785880785138,-84.92471170572045,1.0577556242086172
76,2021-07-17 06:20:00,-0.9306633101027593,-0.0067897842843755996,-12.166262728013287,89.58199804682238,-85.62553859438458,0.9306880776834164
77,2021-07-17 06:25:00,-0.8518893227900097,-0.4213124070165941,-13.197380466096147,63.6847328910076,-85.8810879417818,0.9503786416948445
78,2021-07-17 06:30:00,-1.0138895720239196,-0.5381075361285852,-14.034150046961962,62.043505430760156,-85.3242479869942,1.1478378738729713
79,2021-07-17 06:35:00,-1.3737796641582896,-0.8694676906838357,-14.908941660495008,57.67020464160684,-83.77654140843238,1.625805840436657
80,2021-07-17 06:40:00,-4.304105277067476,-2.3763002722614264,-22.124275074936754,61.09687286202525,-77.47116765038074,4.9165155567769565
81,2021-07-17 06:45:00,-4.247609642999395,-2.3050836706105162,-22.263062298849285,61.51229643937952,-77.75251093314684,4.832763020034885
82,2021-07-17 06:50:00,-4.690008837752698,-3.8670774849988705,-18.590168743137717,50.49321748233044,-71.89307735107205,6.078689922440821
83,2021-07-17 06:55:00,-4.459311832685461,-3.828857251122005,-17.045217103451435,49.349930273755824,-70.97472358290426,5.87755134989037
84,2021-07-17 07:00:00,-4.350099984437379,-2.927637523455161,-14.12916696763593,56.05926288362684,-69.6394705608851,5.2435132633898
85,2021-07-17 07:05:00,-3.8403899391490492,-2.9465482481262235,-12.324172953917094,52.50269133167537,-68.55672729758378,4.840531113757349
86,2021-07-17 07:10:00,-2.77040342366074,-1.4865686671806904,-11.632480398165878,61.782471803329564,-74.87538776153201,3.1440454087170124
87,2021-07-17 07:15:00,-2.428872510163684,-0.9543522024260342,-9.617033529175053,68.54915166270582,-74.81804597960323,2.6096378670045883
88,2021-07-17 07:20:00,-2.2993591200197576,-0.4183550959702558,-6.99131188770145,79.68816345263488,-71.51586450833953,2.337107902759801
89,2021-07-17 07:25:00,-2.0084128133093895,-0.22770993729679168,-5.165532900413297,83.53153807707535,-68.6295242674687,2.021280248804961
90,2021-07-17 07:30:00,-1.6077478915594594,-0.1324542220283742,-3.5499813841923102,85.29032641420874,-65.56183893904357,1.6131947817133023
91,2021-07-17 07:35:00,-1.1190292751691278,0.0315127379368727,-2.338158893890994,-88.38693243537993,-64.41564961806306,1.1194728988849267
92,2021-07-17 07:40:00,-0.782432184980124,0.3160542335511135,-1.3854191099361306,-68.00433682156437,-58.65453529912203,0.8438544913895717
93,2021-07-17 07:45:00,-0.027567487098899474,0.5207852524353529,-0.0006539259728441382,-3.030093203963122,-0.0718430408991337,0.5215143770780459
94,2021-07-17 07:50:00,-0.02379686902555886,0.14105599207186814,1.6724992063711794,-9.57592304231916,85.11137661525741,0.14304923584136522
95,2021-07-17 07:55:00,0.4173491890013726,0.3083147519790749,1.1530972777014654,53.54503867677185,65.7727491250665,0.5188818091319274
96,2021-07-17 08:00:00,1.3997113242649526,-1.9717863460089642,1.8663105220916207,-35.369786898470856,37.66144723382304,2.4180846109230605
97,2021-07-17 08:05:00,1.6039005465510836,-1.9678074312703546,2.3249948841331376,-39.18243947074498,42.48462758934914,2.538653786909451
98,2021-07-17 08:10:00,0.7376630996162801,0.688059150516229,3.0087924188288104,46.99263985820419,71.4654134844185,1.0087478590532981
99,2021-07-17 08:15:00,1.023120709897774,0.6310482784176303,3.2997814812265553,58.334224679430186,69.98377355192594,1.2020806614847357
100,2021-07-17 08:20:00,0.9448813151420752,0.40416636254788196,3.5596841582637393,66.84152194111914,73.89640282793853,1.027692146666405
101,2021-07-17 08:25:00,1.133674831145936,0.5817780014269098,3.633244809202745,62.83406235543728,70.67339248345797,1.2742387004474696
102,2021-07-17 08:30:00,1.3306259098485045,0.7693444188910707,3.9100636603144965,59.96425673540766,68.54043473678395,1.5370283493933998
103,2021-07-17 08:35:00,1.6780217418747174,0.9366108503306898,3.6391256721161973,60.83133025835961,62.162759719952646,1.9217171621134674
104,2021-07-17 08:40:00,1.3645419420594136,1.0656060826536118,3.571342289584101,52.012802347317965,64.13667659218072,1.7313263802725505
105,2021-07-17 08:45:00,1.6649764657089348,1.094630528141023,3.6348384586720677,56.67727861235454,61.268950543850096,1.9925768804497634
106,2021-07-17 08:50:00,2.2230397642337403,1.6039341127330058,5.57199568003832,54.18936638404655,63.80414797939033,2.74126073757186
107,2021-07-17 08:55:00,2.3957446667237123,1.7216081653309265,5.817450404725676,54.29856505055431,63.109297980311595,2.9501740936882404
108,2021-07-17 09:00:00,1.98612001154868,2.6046742905799216,6.613440272770545,37.3262975545079,63.65163173257302,3.275515357967681
109,2021-07-17 09:05:00,1.9944431399797704,2.8146609610946345,6.768777793960744,35.3210391447144,62.99468821218694,3.4496550210887085
110,2021-07-17 09:10:00,3.435965100041373,3.0920860223248274,6.6155354507674,48.01539087246033,55.05710006931625,4.622429246419992
111,2021-07-17 09:15:00,3.5647969686055725,3.5089604654155595,6.925782816085496,45.45225321392371,54.16178477540276,5.002057674120607
112,2021-07-17 09:20:00,3.8391788709149623,3.907141826548453,8.208754414597184,44.497323856895605,56.28489081364761,5.477686706598349
113,2021-07-17 09:25:00,3.9853392324150367,3.9978543238357718,8.947789478954212,44.91017863638719,57.75301138217639,5.644977235741421
114,2021-07-17 09:30:00,4.094346730576319,3.9586103204367187,8.444001064800025,45.965656092756014,56.00205790373365,5.6951093772858385
115,2021-07-17 09:35:00,3.7827544214689848,3.9933478587250875,8.487803548764584,43.4486872627023,57.05460416666551,5.500550711876711
116,2021-07-17 09:40:00,3.5663728875530056,4.1016190463836075,9.235776288848207,41.00707938783982,59.52305960347437,5.4352823638455
117,2021-07-17 09:45:00,3.9854470162801396,3.8260574897328,9.256728435623499,46.168927200401974,59.16986906806933,5.524717534346595
118,2021-07-17 09:50:00,3.510799384303559,3.860601064819026,8.63493484688848,42.28313008316587,58.85474303180285,5.218232737096732
119,2021-07-17 09:55:00,3.7172741607187176,4.048304727805716,7.666583315695746,42.55907720386141,54.36372175868627,5.496080271895704
120,2021-07-17 10:00:00,3.8313140781745316,3.8382012543611683,6.545023886876049,44.94854876676312,50.35505323763,5.423168486650401
121,2021-07-17 10:05:00,3.627604764509588,3.2788778913548677,4.053466254513856,47.890563072240546,39.65725292286172,4.889842180879502
122,2021-07-17 10:10:00,3.553163582149165,3.1028703606570267,3.207715423358758,48.870270037281614,34.21538450533514,4.717284803417635
123,2021-07-17 10:15:00,3.749474747201812,2.9916838184710643,2.421336958558641,51.41383966438824,26.784088763202572,4.796741909838979
124,2021-07-17 10:20:00,3.777148796801704,2.8011262749393415,1.1620955966841646,53.43943961048722,13.88109573194423,4.702463337585538
125,2021-07-17 10:25:00,3.6973544221876664,2.7197221743186173,-0.11277989116294296,53.662320451403986,-1.407545022953651,4.589914860730107
126,2021-07-17 10:30:00,3.8686504914678594,2.434684461195414,-1.6309288430112945,57.816278862282424,-19.636310949195327,4.5710113816004565
127,2021-07-17 10:35:00,3.888751537600633,3.3305010451041284,-0.4853306759273157,49.421769566096025,-5.41492976192986,5.120022044154789
128,2021-07-17 10:40:00,3.90822710457579,3.048406409914603,-1.1491395637732218,52.04586694224987,-13.053088611556552,4.956512961846191
129,2021-07-17 10:45:00,3.9684469301583896,3.007780060781865,-1.9001934113289054,52.84064846592557,-20.887058881859637,4.979489123546763
130,2021-07-17 10:50:00,3.7253425633814237,3.0809767023958337,-2.798616718258396,50.408170340660334,-30.06683571036698,4.834314290077464
131,2021-07-17 10:55:00,3.740659606500215,3.0973185098394573,-3.748703706526581,50.37476763432068,-37.66414830206017,4.856533356530814
132,2021-07-17 11:00:00,3.544589071699254,3.052180270215591,-3.852904072381109,49.268865706119556,-39.47804417564388,4.6775972559748125
133,2021-07-17 11:05:00,2.2933089910123767,2.209482852879272,-2.180710933113724,46.06652258403475,-34.40286544436363,3.184506336220063
134,2021-07-17 11:10:00,3.716838108858065,3.3410204876515768,-6.08169595141442,48.048013326706624,-50.58780360305516,4.997729827268294
135,2021-07-17 11:15:00,3.6992595310755707,2.8428111200647583,-6.015203595851892,52.45840217607201,-52.202707696936386,4.665414895013872
136,2021-07-17 11:20:00,3.4582473813060792,2.7429946881437206,-6.753865778410036,51.57943502026956,-56.83324455675941,4.414011192724257
137,2021-07-17 11:25:00,3.440828624465791,2.2311198359083244,-7.042025042959578,57.039610043097525,-59.78589490003142,4.100877631084197
138,2021-07-17 11:30:00,3.613489483957899,1.9921724077792122,-9.385415636832155,61.131375068497626,-66.26748082705657,4.126264309637853
139,2021-07-17 11:35:00,3.5159014984704275,1.248369052637429,-9.799503198888088,70.45189564144103,-69.15674485432521,3.730950098638344
140,2021-07-17 11:40:00,3.1251574778204447,0.9582179779144164,-10.090887876762096,72.9537114510954,-72.05121016995436,3.268759849602818
141,2021-07-17 11:45:00,1.036875362630134,1.5232483794582503,-10.840825090097164,34.24312360529526,-80.35339396567387,1.8426600725992728
142,2021-07-17 11:50:00,0.8069740400961904,-0.9604507873170283,-6.14881784155231,-40.037092157414854,-78.46895421724378,1.2544611656990692
143,2021-07-17 11:55:00,0.6172978131228188,1.2792972486233962,-9.950585111729819,25.75864940647813,-81.87593140930727,1.4204429029079648
144,2021-07-17 12:00:00,0.7982218595204228,1.3363211214358035,-8.062253363856678,30.85104930583907,-79.07241833579091,1.5565706783219595
145,2021-07-17 12:05:00,0.8422160046619106,1.1539248560699176,-7.780105201106064,36.124612966421395,-79.59519939271158,1.42859034434811
146,2021-07-17 12:10:00,0.8239868911572399,1.2180993824890916,-6.728080842041383,34.076500998673126,-77.67024772460813,1.4706190881459682
147,2021-07-17 12:15:00,0.986256250082887,1.2014236947234314,-5.7134382728069735,39.38278746917408,-74.78057124752853,1.554387430813328
148,2021-07-17 12:20:00,1.0569686495616397,1.135193773614817,-4.98514549229967,42.95632454231785,-72.7169784973058,1.5510795046708614
149,2021-07-17 12:25:00,0.9848720262648812,1.1363255736070776,-4.462544433196431,40.91601089551537,-71.37786549169273,1.5037315975108547
150,2021-07-17 12:30:00,1.248094709279767,1.4313012719985805,-3.9936024980022626,41.088428189677195,-64.56791936503426,1.8990428469513005
151,2021-07-17 12:35:00,1.2277059961609482,1.398451957282254,-2.8357627918489277,41.280013297519474,-56.7261629728603,1.8608949163873045
152,2021-07-17 12:40:00,1.405741469808206,1.373804970449872,-2.4693535311325143,45.65828945448314,-51.480772138113075,1.9655658668107028
153,2021-07-17 12:45:00,1.5007867863493178,1.5854222014278923,-1.7442657861934683,43.42912874569974,-38.6243595006892,2.1830997537586727
154,2021-07-17 12:50:00,1.4105242869776125,1.534311641904571,-1.271744047575114,42.59296607009567,-31.391427462480173,2.0841523405542124
155,2021-07-17 12:55:00,1.5974110931879046,1.7101277593110442,-0.6110505413748892,43.04818894444942,-14.63414651140052,2.3401408405918627
156,2021-07-17 13:00:00,0.26232231718436005,1.5511025584237372,-0.24786782559305387,9.599028836698826,-8.954117717581683,1.5731281399942076
157,2021-07-17 13:05:00,0.38247542278295704,1.4253211468698117,0.5330208510340266,15.021067603879505,19.85907416170846,1.4757465299797512
158,2021-07-17 13:10:00,1.64077894421526,1.0630938570362078,0.10560636785395577,57.05998186091675,3.0919120055561375,1.9550764927869868
159,2021-07-17 13:15:00,1.6942076404850228,0.9211799320217242,1.4024910947699976,61.46605030978171,36.027050812639644,1.9284480797359769
160,2021-07-17 13:20:00,2.068072456851793,1.6781467997880506,1.5903691019843866,50.94224052833864,30.8433304681005,2.6632875114091394
161,2021-07-17 13:25:00,2.0869044229941136,1.7349469862448954,1.8394016578047445,50.26157492516833,34.128341695004096,2.713892244690758
162,2021-07-17 13:30:00,2.1745307096278257,2.109042657838859,1.3253239238943757,45.875880103822965,23.629475630496056,3.02929773044818
163,2021-07-17 13:35:00,1.9965275461343404,1.8677903890435152,1.7622842151168532,46.908064743664056,32.80504302426293,2.7340013130714724
164,2021-07-17 13:40:00,2.302615642061869,1.9819801260002576,1.6804828186063525,49.279722924524705,28.948260158490047,3.0381382481592225
165,2021-07-17 13:45:00,2.0628442348523013,2.0255684066286443,1.1108229967560677,45.52237595503596,21.018088325282548,2.8910644591906767
166,2021-07-17 13:50:00,1.4569365785202282,2.5960401515587797,2.4647791979090106,29.301792395884735,39.62343701699788,2.97692604246991
167,2021-07-17 13:55:00,1.8894527695456125,3.0189318819581157,2.1534941544747976,32.041130902908314,31.159947377737844,3.5614577740367435
168,2021-07-17 14:00:00,1.7534840485170078,2.5312964754696736,0.6856820868806781,34.71118652585282,12.553457270176795,3.079312935563514
169,2021-07-17 14:05:00,1.9487741925370372,2.566918887921692,0.07493036332735348,37.20533445896747,1.3318689354879527,3.222854857213945
170,2021-07-17 14:10:00,1.5894845903965755,2.7881046884877287,0.34333011643296985,29.68724906521459,6.106151669621285,3.209359596099419
171,2021-07-17 14:15:00,1.0078183323861178,2.9938445712372648,-0.530683707061518,18.604784409670298,-9.536360835354065,3.1589243593065626
172,2021-07-17 14:20:00,1.3667934342603147,2.6755225929431714,-0.7859374906727501,27.060263294743514,-14.659711407838405,3.004420982034052
173,2021-07-17 14:25:00,1.1583361614607237,2.6164251315547378,-0.9587726448245963,23.879791615615478,-18.52471260099014,2.861367353552981
174,2021-07-17 14:30:00,1.5836842675696847,2.632648849208625,-0.6578598848247348,31.02924157746295,-12.086099532744617,3.0722786043240324
175,2021-07-17 14:35:00,1.8974919977996212,3.1049809555223282,-0.6833773027409751,31.429614466942386,-10.636218533605144,3.638871063375281
176,2021-07-17 14:40:00,1.8317167820965918,3.298953673708075,-0.7668198758134765,29.04086265497857,-11.487170358997608,3.773364773128394
177,2021-07-17 14:45:00,1.9113779285941561,2.7775227052165175,-0.5082918887674555,34.53416396729087,-8.573056849616721,3.37164618011887
178,2021-07-17 14:50:00,1.5843372324639717,3.277491680470874,-1.565306531817253,25.799090960587286,-23.26717721262043,3.6403401189624285
179,2021-07-17 14:55:00,1.5605016071301032,3.504971292110642,-2.153119669987672,23.99983419665521,-29.30095814927966,3.8366637882899486
180,2021-07-17 15:00:00,1.3472842970120404,3.35559764651847,-2.776230288319838,21.875634640266266,-37.515972975756696,3.61596605933954
181,2021-07-17 15:05:00,1.2549522508739002,3.4952561700824223,-2.2763250896460336,19.750392881126476,-31.506215218391976,3.7137206204119217
182,2021-07-17 15:10:00,1.0509835512969927,3.554270589630201,-3.4475426258739352,16.472736947377403,-42.92771560150786,3.706400659589712
183,2021-07-17 15:15:00,0.7722548924417248,3.4646200629714126,-3.829851453481574,12.565668201149041,-47.174541355183116,3.5496436158640225
184,2021-07-17 15:20:00,1.3187099273303653,3.9078988694553223,-7.441241489825032,18.646828059015682,-61.00205111030213,4.124399283087156
185,2021-07-17 15:25:00,0.8053096358908958,3.8375757357844593,-5.825198868443423,11.851466964937854,-56.054009770018396,3.921161962676416
186,2021-07-17 15:30:00,0.6289092743188389,4.146765905102645,-6.604874703902186,8.62390625850638,-57.58389417825411,4.194185778794974
187,2021-07-17 15:35:00,0.3340917347978747,4.0772074042004816,-7.915518581678204,4.684425866674488,-62.66932252338787,4.090872462461704
188,2021-07-17 15:40:00,0.333003585797929,4.2404852493420835,-8.336987026762454,4.49019924522344,-62.969272459183095,4.253540470953823
189,2021-07-17 15:45:00,0.31233357133717066,4.257622947945798,-9.228503965206128,4.195626898991378,-65.17495455552094,4.269063764651319
190,2021-07-17 15:50:00,0.35523619851223454,4.062870392728936,-9.660750738016036,4.996936412234442,-67.11253301739033,4.07837082483273
191,2021-07-17 15:55:00,0.7278772469937869,3.732580376121824,-7.807130771211276,11.03456500084785,-64.02907816474315,3.802888579869385
192,2021-07-17 16:00:00,1.8156455417005688,4.359867107138821,-8.369758723252502,22.609049977083206,-60.5651925530809,4.7228180067633545
193,2021-07-17 16:05:00,1.9827678047219328,3.959215349413623,-8.50501878340367,26.60162494901515,-62.49724949198905,4.42795148465679
194,2021-07-17 16:10:00,1.5636632363263634,3.0446348468455584,-9.285702753213624,27.18412060171898,-69.76619280315043,3.422695438870498
195,2021-07-17 16:15:00,1.4287256394446282,2.4757409445584204,-8.693382759377831,29.98881966420915,-71.79893770090378,2.8584174253193813
196,2021-07-17 16:20:00,1.831079731648418,2.378913610308927,-9.223031008337054,37.585931349523825,-71.97039988205952,3.002013149366054
197,2021-07-17 16:25:00,2.0651178052805195,2.785028437169537,-10.144099982493438,36.557189936012165,-71.13011958837609,3.4671450713129417
198,2021-07-17 16:30:00,1.9314151580407686,2.292554736433003,-9.362706371181288,40.113228497513866,-72.2462895582344,2.9976944027453905
199,2021-07-17 16:35:00,2.0345344612225404,2.2728561601202975,-8.721381031155143,41.83313619773803,-70.72189315147949,3.0504435084916546
200,2021-07-17 16:40:00,2.094213252172481,2.1510894207306612,-8.793881976797376,44.23242941385776,-71.15055980274154,3.0021517019554844
201,2021-07-17 16:45:00,2.0751270442323957,2.2419945788814934,-8.579442478968248,42.78647690750645,-70.40033520962322,3.0549454891108425
202,2021-07-17 16:50:00,2.1317946320706667,2.3025236086904055,-7.025924492010992,42.79510175420472,-65.93390506950071,3.137859672117604
203,2021-07-17 16:55:00,2.1492988011386394,3.0242930069948617,-6.194219935316184,35.40057439702076,-59.07910009043957,3.7102336218537526
204,2021-07-17 17:00:00,1.9475980932705927,3.441734233011964,-5.057211909992986,29.50452141747955,-51.97574213333577,3.9545761926656184
205,2021-07-17 17:05:00,1.474623723541073,3.664604794406949,-4.864684184169871,21.919676051093454,-50.923071477923706,3.950170050164997
206,2021-07-17 17:10:00,1.4614364488197404,3.2359645606812784,-3.5688280460273085,24.30503603160689,-45.14612423094925,3.550670800274792
207,2021-07-17 17:15:00,1.4485453039103506,3.8852717267118706,-3.767306526201021,20.44695709966186,-42.256615253649954,4.146519008501874
208,2021-07-17 17:20:00,1.264775930508767,4.2173113497081465,-4.7891142975266465,16.694040654971353,-47.406055007709924,4.402882371216776
209,2021-07-17 17:25:00,1.4114530072008558,3.7616654371449574,-3.281946574702408,20.567107483353006,-39.24406430562267,4.017751417465658
210,2021-07-17 17:30:00,1.2820691670041622,4.601201261231026,-4.026253935860558,15.56985330237788,-40.12865803025588,4.776479288695464
211,2021-07-17 17:35:00,1.232281879721985,3.8173794835720356,-3.8381329491107703,17.89051143149653,-43.735862287730285,4.011346999785465
212,2021-07-17 17:40:00,0.9404314181186303,3.5800078498399226,-3.7106787273225077,14.718475216713475,-45.0711965453701,3.701468283951665
213,2021-07-17 17:45:00,0.8843823465193966,3.6936842674649744,-2.420403752330882,13.464901053360233,-32.50813217260201,3.7980831484517843
214,2021-07-17 17:50:00,0.8491001659424344,3.939826885048725,-3.582947453732355,12.162197184837538,-41.63727813174387,4.030286215141079
215,2021-07-17 17:55:00,1.010337863421954,3.412064136161918,-2.755729656537757,16.494417926265395,-37.754428860023665,3.558505903823459
216,2021-07-17 18:00:00,1.1815088319027023,3.249308638862278,-3.7010932463207316,19.982204075512016,-46.94931615452677,3.4574513373942253
217,2021-07-17 18:05:00,1.0142212703019924,3.527548584325972,-2.69422027260512,16.040709207258654,-36.2797434812415,3.67045553030045
218,2021-07-17 18:10:00,1.0800132217626595,3.8282994644494623,-2.8097250161452045,15.754451630780206,-35.23603123282021,3.977726153053551
219,2021-07-17 18:15:00,0.8341206247561626,4.004642210641223,-2.7799120578150527,11.765822966761526,-34.199528619068175,4.090588765922704
220,2021-07-17 18:20:00,0.6317794334274633,3.6444142344007124,-1.54768908138732,9.834799742889029,-22.70606453036212,3.698770115106433
221,2021-07-17 18:25:00,0.5929490263071555,3.153101059815147,-1.2203303149457638,10.650241611432264,-20.824733011106943,3.2083694988585725
222,2021-07-17 18:30:00,-0.0037361456778973734,4.142417980609574,-0.9244240061918434,-0.0516764174804672,-12.580021258074295,4.142419665468726
223,2021-07-17 18:35:00,0.04113161044516156,4.074416737530134,-0.20017370353885378,0.578386498755211,-2.8125034428227664,4.0746243459297595
224,2021-07-17 18:40:00,-0.06258616606411749,3.957822527801632,-0.293949625836901,-0.9059588428970532,-4.247060980275441,3.958317343235217
225,2021-07-17 18:45:00,-0.46673619573287806,4.221450498789944,-1.2339210868068857,-6.3091679308335955,-16.20003700317141,4.247174000455017
226,2021-07-17 18:50:00,-0.33542968999123246,3.8304719719431812,-0.9322689276058418,-5.004554434651108,-13.628628499250626,3.845130505557633
227,2021-07-17 18:55:00,-0.29477193154649955,3.767279880601399,0.29536331154019857,-4.474009670330722,4.469344090857343,3.7787945419686086
228,2021-07-17 19:00:00,-0.5118483184825567,3.977513809917901,-0.05503248693119378,-7.332835600181974,-0.7862059339840891,4.0103123081901035
229,2021-07-17 19:05:00,-0.4425669558560062,3.4624289664522645,0.6573208883060877,-7.284037451036518,10.664580882071522,3.4905987821781164
230,2021-07-17 19:10:00,-0.6167038219722012,3.0919096923236937,0.5157331128734421,-11.280028432292353,9.290092231447757,3.1528128947846428
231,2021-07-17 19:15:00,-1.0649047090544426,2.841253458163797,-0.13304077000945735,-20.54604968175937,-2.51059285875564,3.0342615663278045
232,2021-07-17 19:20:00,-0.42811949080470896,4.039284979440619,0.9196359487116912,-6.050130780123558,12.756972742186653,4.061909580916528
233,2021-07-17 19:25:00,-0.4806824707786307,3.4416180125947182,-0.43007609115235157,-7.950929600522514,-7.055168072124602,3.4750237671604878
234,2021-07-17 19:30:00,-0.23624302302662037,3.699030939585173,-0.4874465897311593,-3.6543001947923583,-7.491912640028656,3.706567233699818
235,2021-07-17 19:35:00,-0.11288769892710127,3.244121149054105,-1.0633983479316043,-1.992952687253281,-18.13849316760917,3.246084666534313
236,2021-07-17 19:40:00,-0.3671902229170274,3.0065026440279183,-1.6308601355216552,-6.963164206700588,-28.29994846928433,3.0288424865536867
237,2021-07-17 19:45:00,-0.2703099153313001,2.699720106432568,-1.8469311831857307,-5.717693350063197,-34.243741604975924,2.7132187717548124
238,2021-07-17 19:50:00,-0.12460408604539563,2.4528118141323043,-2.5995153856213897,-2.9081547380165835,-46.62636330149421,2.45597475023792
239,2021-07-17 19:55:00,-0.2098577061949387,2.3261308572507713,-3.2386677624201625,-5.155125911947638,-54.202592569157304,2.3355780915875215
240,2021-07-17 20:00:00,-0.02284656313889466,2.127765474274068,-3.2926622839729336,-0.6151812114280508,-57.1273717962136,2.127888126514176
241,2021-07-17 20:05:00,0.24633429175563704,1.3724629456354773,-3.8255434859767345,10.175300078028615,-69.973419023988,1.3943941768514247
242,2021-07-17 20:10:00,0.025423331872315824,1.2578549096570253,-4.6957154711770315,1.1578849852756505,-75.00115393732284,1.2581118072539392
243,2021-07-17 20:15:00,-0.0924397317778356,1.1262484453260693,-5.564627596752699,-4.692180374990722,-78.52077040112938,1.1300356917418786
244,2021-07-17 20:20:00,0.15763891366211258,0.8662847718928002,-6.519086433645066,10.3133351708208,-82.30780469226899,0.880510836454573
245,2021-07-17 20:25:00,0.24398238767083802,1.0475481243593214,-7.992238063132985,13.11091116922111,-82.3352557346648,1.0755856443548768
246,2021-07-17 20:30:00,0.4511456838486261,1.1759136222193112,-9.32345079325764,20.989583667188466,-82.3066017446892,1.2594861154360477
247,2021-07-17 20:35:00,0.3555114817907572,0.9618087083049414,-9.661150718825656,20.285726697657612,-83.94145731678022,1.025409384127276
248,2021-07-17 20:40:00,0.4948546869893158,1.5152656705907495,-10.084932987713522,18.085975910560684,-81.01814013731034,1.5940235925814044
249,2021-07-17 20:45:00,0.30695236685390226,1.1847747823251211,-13.34586332063078,14.524872260780214,-84.76030603729824,1.2238917600632626
250,2021-07-17 20:50:00,-0.6404766031149798,0.1799975882114584,-12.302848292898702,-74.30267510121428,-86.90468752854657,0.6652889679677885
251,2021-07-17 20:55:00,-1.003357989044994,-0.6628228243203997,-7.458422019446761,56.551068652171814,-80.84101013883183,1.2025229106426563
252,2021-07-17 21:00:00,-1.2301860382539074,-0.27550057418837426,-8.404145293408517,77.37687283879718,-81.46899387874035,1.2606578659941674
253,2021-07-17 21:05:00,-1.5171822150130376,-0.7347684301895541,-9.75804699513796,64.15918233864679,-80.19866162438932,1.685742127241023
254,2021-07-17 21:10:00,-3.0537467646417302,0.6417128552986657,-14.533513530625441,-78.13256525980395,-77.8821820414455,3.1204430280355067
255,2021-07-17 21:15:00,-2.9353954237059,0.9751720292062451,-15.219265991684473,-71.62292085655665,-78.51177109514927,3.0931386616283087
256,2021-07-17 21:20:00,-3.199683994616324,0.4715708255524165,-13.851128820638994,-81.61607768814731,-76.85688691163736,3.2342474718110337
257,2021-07-17 21:25:00,-2.4916126338023465,0.5932435601492472,-12.168644117384698,-76.60744878050427,-78.11384957250152,2.561263640975294
258,2021-07-17 21:30:00,-2.339794590276866,0.26360153626210714,-10.56926299447883,-83.57215396442454,-77.44086518592688,2.3545964610965995
259,2021-07-17 21:35:00,-2.115389547166844,0.37336351912257104,-9.148665229140363,-79.9904577963084,-76.78643127104219,2.1480859511840618
260,2021-07-17 21:40:00,-1.7383994471899735,0.12390889125508764,-9.010112613951026,-85.92299104201042,-79.0525753737914,1.7428098150178266
261,2021-07-17 21:45:00,-0.9621658273828972,0.8447117096478554,-6.788474854394123,-48.71921746556965,-79.31910093438958,1.2803518859280905
262,2021-07-17 21:50:00,-0.8632497954397844,0.6946283043147732,-5.913174285741734,-51.17752696185987,-79.38689727735432,1.1080201670015069
263,2021-07-17 21:55:00,-0.2934068918824102,0.6881166282543578,-4.866654205284785,-23.092974374665673,-81.26139566191345,0.7480588869094748
264,2021-07-17 22:00:00,-0.16849835356054266,0.6281489469436339,-3.3519478591637846,-15.015857908080914,-79.01971312893139,0.6503558984886735
265,2021-07-17 22:05:00,0.16404792226119314,0.7204410642828597,-1.7834491026977184,12.827806455122401,-67.49579118191701,0.7388822963796291
266,2021-07-17 22:10:00,0.30175180126395956,0.5929018955944557,-1.4874064865351428,26.973387364200605,-65.90247463527912,0.6652719799943051
267,2021-07-17 22:15:00,0.4551072009388938,0.753970190483414,-0.7064670675706229,31.11578219011548,-38.736080656591525,0.8806779277829269
268,2021-07-17 22:20:00,0.6016721586027317,0.7819069705617416,-0.295394147743737,37.578040190793295,-16.667958166221947,0.9866042251332148
269,2021-07-17 22:25:00,0.44228359124933647,0.6928113086461415,0.9751502595693823,32.55374089180607,49.872593424536184,0.8219502931907678
270,2021-07-17 22:30:00,0.4398050996426349,0.6866227288525583,1.4184826597250575,32.64093710337289,60.107965702878815,0.8154013106738311
271,2021-07-17 22:35:00,0.5440233034497854,0.5478521080392438,1.985788769504193,44.79908564468218,68.75385384643894,0.7720772545409303
272,2021-07-17 22:40:00,0.794772530276678,0.5428511261335753,2.789559683587141,55.66586761584083,70.96422462539412,0.9624711528284284
273,2021-07-17 22:45:00,0.9396997832940405,0.14094034933961863,3.1752545640698577,81.4701060833909,73.33993084092094,0.9502104318490933
274,2021-07-17 22:50:00,0.9539182750055961,0.07929950279775655,3.5290271336507226,85.24791180047299,74.82429612403308,0.9572086953917748
275,2021-07-17 22:55:00,1.1823115729605944,-0.2539088426852345,3.539086403250047,-77.87946730649607,71.13524302159958,1.2092685210284397
276,2021-07-17 23:00:00,1.0117368455757134,-0.624684435766627,3.479617778461437,-58.3072555256582,71.13373612200432,1.1890509194246326
277,2021-07-17 23:05:00,1.0204908657512415,-0.09482757557754806,3.926532708248345,-84.69112134590743,75.37127913323198,1.0248872504678912
278,2021-07-17 23:10:00,0.8894657886044273,-0.628056196223665,4.163373648904428,-54.77389552345497,75.34360834453031,1.0888544322877298
279,2021-07-17 23:15:00,1.3868366491851223,-0.8409237375098642,3.6560120259836344,-58.769008775571606,66.0770747037258,1.6218719505036694
280,2021-07-17 23:20:00,1.2360125310925323,-0.8644586180878686,4.061332894154259,-55.031324461568445,69.62579093340496,1.5083155105627455
281,2021-07-17 23:25:00,1.281337163275882,-0.7220566052981312,3.290713972770159,-60.597956214235516,65.91782684292862,1.470778932146686
282,2021-07-17 23:30:00,1.3499350435218047,-0.5176019619571934,2.852571639220307,-69.02181212468335,63.122802926133666,1.4457649922273512
283,2021-07-17 23:35:00,1.5498778531709911,-0.8690807800256659,2.8733206395045006,-60.71884307367327,58.26659831235565,1.7769138307638725
284,2021-07-17 23:40:00,1.6077764528325191,-0.6967487566291894,2.852379837151613,-66.56993826566372,58.43701226118982,1.7522568168356598
285,2021-07-17 23:45:00,1.7325769653310121,-1.0323220852255957,2.3036293691458134,-59.212227326454084,48.7981375928669,2.016807335478563
286,2021-07-17 23:50:00,1.8282664522660241,-0.8495946333614026,1.9234527217038104,-65.07572710604954,43.65383228570995,2.016028090458536
287,2021-07-17 23:55:00,1.8245995494514753,-0.6184445920837697,1.5297566124419109,-71.27600714613149,38.450800734442225,1.9265609851069305
