,index,datetime,xr,yr,zr,dtr_GPS,dtr_GAL,in_view_sat
0,0,2021-05-06 00:00:00,4642429.381638915,1028628.3175375888,4236854.334399451,6.164232409007915e-09,8.148829451437235e-08,11
1,0,2021-05-06 00:05:00,4642429.972799713,1028629.130027461,4236855.356998228,8.83416963033219e-09,8.199351440628828e-08,11
2,0,2021-05-06 00:10:00,4642429.595846776,1028628.4725451383,4236855.045379225,6.704193209370483e-09,8.149081832791618e-08,11
3,0,2021-05-06 00:15:00,4642430.052499782,1028628.4546276137,4236855.156903451,4.5416553668800626e-09,7.950416075588717e-08,11
4,0,2021-05-06 00:20:00,4642429.510880468,1028628.3852569226,4236856.50925384,4.848659461784828e-09,8.147274603550661e-08,12
5,0,2021-05-06 00:25:00,4642429.384867215,1028627.8681228113,4236856.128527742,8.5801134405553e-09,8.402672314185135e-08,10
6,0,2021-05-06 00:30:00,4642429.649572209,1028628.9664556299,4236855.4415137675,6.259610743673725e-09,7.631505979418211e-08,13
7,0,2021-05-06 00:35:00,4642430.017563913,1028629.2246704237,4236855.6548363,5.7052216010538595e-09,7.579701339303342e-08,12
8,0,2021-05-06 00:40:00,4642430.1996955,1028628.9781320667,4236855.761198018,4.458364339328994e-09,7.602659878617729e-08,13
9,0,2021-05-06 00:45:00,4642430.054447422,1028628.491456829,4236855.257471411,2.121736759901332e-09,7.277690472740594e-08,15
10,0,2021-05-06 00:50:00,4642430.08197431,1028628.7908540261,4236855.284824018,3.765760012993421e-09,7.424801146863495e-08,15
11,0,2021-05-06 00:55:00,4642429.449434915,1028628.4331165456,4236854.59757527,2.282275076980502e-09,7.338804608969957e-08,16
12,0,2021-05-06 01:00:00,4642428.6670344,1028628.752721202,4236854.608448945,1.5258716861283018e-09,7.468183577153322e-08,18
13,0,2021-05-06 01:05:00,4642428.551526688,1028628.647340891,4236854.199641685,-4.377500789727174e-10,7.281505525849907e-08,19
14,0,2021-05-06 01:10:00,4642427.581455034,1028628.5457652106,4236853.753192707,-1.4616757747242667e-09,7.234605717421793e-08,17
15,0,2021-05-06 01:15:00,4642427.182825979,1028628.4023744233,4236853.9611552525,-1.3240522546471349e-09,7.286454037692088e-08,16
16,0,2021-05-06 01:20:00,4642426.695953458,1028628.5119006089,4236852.456817604,-6.0452345533419205e-09,6.610153098635275e-08,17
17,0,2021-05-06 01:25:00,4642425.880351959,1028628.4888287942,4236852.376201693,-6.9713063441141435e-09,6.565787145073637e-08,16
18,0,2021-05-06 01:30:00,4642425.57738836,1028628.4427721923,4236851.917629482,-9.122054493385562e-09,6.307647355650727e-08,17
19,0,2021-05-06 01:35:00,4642424.97523941,1028628.3594769551,4236851.44791177,-1.1181819822916059e-08,6.048488669710491e-08,17
20,0,2021-05-06 01:40:00,4642425.466523101,1028628.3068182291,4236851.784187564,-1.0799510418643624e-08,6.114480138711973e-08,17
21,0,2021-05-06 01:45:00,4642424.722040596,1028628.1311308913,4236851.347989378,-1.2380454502754683e-08,5.999865771617522e-08,17
22,0,2021-05-06 01:50:00,4642425.997878369,1028628.194338844,4236851.773472384,-9.962176802603518e-09,6.227201094588937e-08,17
23,0,2021-05-06 01:55:00,4642425.620083707,1028628.0619700192,4236851.471826035,-1.3489988674257201e-08,5.7745999357839725e-08,17
24,0,2021-05-06 02:00:00,4642426.638079065,1028627.7039931815,4236850.915394259,-1.2165342974867155e-08,6.044177822461447e-08,14
25,0,2021-05-06 02:05:00,4642426.748872769,1028627.4428585625,4236850.445552783,-1.0341088207044602e-08,6.267145373909892e-08,14
26,0,2021-05-06 02:10:00,4642426.751192787,1028627.986238451,4236851.226567767,-9.408190111568323e-09,6.183759406557726e-08,17
27,0,2021-05-06 02:15:00,4642427.194020512,1028627.7729427351,4236851.410693201,-1.0852098767293342e-08,6.103485335456323e-08,17
28,0,2021-05-06 02:20:00,4642427.600020924,1028627.7743457668,4236851.235253027,-9.544239628756182e-09,6.144288461824094e-08,17
29,0,2021-05-06 02:25:00,4642427.410538236,1028627.3663510858,4236850.47698356,-9.626141444383054e-09,6.109754267398737e-08,16
30,0,2021-05-06 02:30:00,4642428.016492918,1028627.6979303653,4236851.373299335,-8.940110239633887e-09,6.207743716757507e-08,18
31,0,2021-05-06 02:35:00,4642428.204778479,1028627.2455094729,4236850.671100459,-9.462032152395274e-09,6.055213284227331e-08,17
32,0,2021-05-06 02:40:00,4642428.259119313,1028627.3349081184,4236850.356768837,-1.061501744551747e-08,5.9058926739135425e-08,16
33,0,2021-05-06 02:45:00,4642429.306703267,1028627.091084095,4236851.101709309,-5.446345350550623e-09,6.410976811349354e-08,17
34,0,2021-05-06 02:50:00,4642429.407609406,1028626.9247472546,4236850.727806031,-5.8698648338151225e-09,6.418089415685638e-08,17
35,0,2021-05-06 02:55:00,4642429.727686579,1028627.223230114,4236850.8577717105,-5.814866899809952e-09,6.46534275638885e-08,17
36,0,2021-05-06 03:00:00,4642429.94027124,1028627.1347311508,4236850.874906433,-5.691483908162053e-09,6.375194339867787e-08,16
37,0,2021-05-06 03:05:00,4642429.88394764,1028626.9028360243,4236850.391296412,-6.27275862560361e-09,6.215185607077583e-08,16
38,0,2021-05-06 03:10:00,4642429.304843126,1028627.2569524164,4236849.332067288,-1.548750973321284e-08,5.075439545295212e-08,14
39,0,2021-05-06 03:15:00,4642430.132599815,1028626.7798150228,4236849.43963533,-1.1999909333915423e-08,5.6571525976499355e-08,14
40,0,2021-05-06 03:20:00,4642431.850022627,1028627.4398389284,4236853.1289677415,-2.5489424032176685e-09,6.856295353505158e-08,17
41,0,2021-05-06 03:25:00,4642432.202126385,1028627.1288173214,4236852.9139530575,-1.2843024913065938e-10,6.976564673056511e-08,17
42,0,2021-05-06 03:30:00,4642432.888345115,1028627.4971826365,4236854.039442775,1.1348144685822517e-09,7.178596621567963e-08,17
43,0,2021-05-06 03:35:00,4642433.291999721,1028627.7850008177,4236855.112810986,6.4500835755727965e-09,7.661417798884299e-08,17
44,0,2021-05-06 03:40:00,4642434.019566831,1028628.4402427304,4236855.106231224,4.082509753181528e-09,7.468628544276192e-08,18
45,0,2021-05-06 03:45:00,4642434.772156905,1028628.1974181924,4236855.495333974,9.476747721318537e-09,8.122375225726838e-08,17
46,0,2021-05-06 03:50:00,4642435.716200376,1028628.7876405111,4236856.1079789605,7.697800061134487e-09,7.861585054231893e-08,16
47,0,2021-05-06 03:55:00,4642436.145215448,1028628.7880314379,4236856.32961035,1.0120990383967827e-08,8.143167410286317e-08,15
48,0,2021-05-06 04:00:00,4642436.118466767,1028628.5503024663,4236856.570576155,1.1542844094340646e-08,8.329591488617572e-08,16
49,0,2021-05-06 04:05:00,4642436.244244845,1028628.4220217079,4236856.6905582575,1.162091510105136e-08,8.424321946227421e-08,16
50,0,2021-05-06 04:10:00,4642436.010352744,1028628.3988623838,4236856.565012938,9.88543984937775e-09,8.268853095120962e-08,16
51,0,2021-05-06 04:15:00,4642436.035084696,1028629.2072048837,4236856.2152413055,7.291278250862849e-09,8.019692333221021e-08,17
52,0,2021-05-06 04:20:00,4642436.05095533,1028629.2535178573,4236856.238789283,8.396415999899693e-09,8.161157217197282e-08,16
53,0,2021-05-06 04:25:00,4642435.897469879,1028629.4428210526,4236856.355919482,7.508266762011693e-09,8.126955416539726e-08,16
54,0,2021-05-06 04:30:00,4642436.249541999,1028629.3993780975,4236856.645049262,6.312015435306496e-09,8.10303582499175e-08,17
55,0,2021-05-06 04:35:00,4642435.919780241,1028629.7344712185,4236856.341786809,1.114272715130724e-08,8.501961330847778e-08,17
56,0,2021-05-06 04:40:00,4642436.1259303745,1028629.8013275872,4236856.777318934,6.047692715827332e-09,7.977196080900654e-08,17
57,0,2021-05-06 04:45:00,4642436.469234017,1028629.9184991952,4236856.89189452,1.0886257693604306e-08,8.619328180516252e-08,17
58,0,2021-05-06 04:50:00,4642436.652050679,1028630.4423963218,4236857.45303101,1.0468778076595622e-08,8.53681727511687e-08,17
59,0,2021-05-06 04:55:00,4642436.528825354,1028630.5752151024,4236856.728862337,9.066144984948929e-09,8.404201008978328e-08,18
60,0,2021-05-06 05:00:00,4642435.924660807,1028630.4621334937,4236856.1065972,1.014657171904101e-08,8.481442145676229e-08,18
61,0,2021-05-06 05:05:00,4642436.059811701,1028630.7790354118,4236856.521101061,8.165178061907633e-09,8.36020089204727e-08,18
62,0,2021-05-06 05:10:00,4642436.0067660175,1028630.7342779379,4236856.40824912,8.593152362803998e-09,8.351761109221793e-08,18
63,0,2021-05-06 05:15:00,4642435.846710377,1028631.1409030304,4236856.498091218,7.244038214877929e-09,8.223761966540437e-08,19
64,0,2021-05-06 05:20:00,4642434.421588975,1028631.1280199168,4236854.917502639,3.659974162442389e-09,7.836137981777375e-08,17
65,0,2021-05-06 05:25:00,4642435.16183394,1028631.2867116565,4236855.55864488,2.832821157429359e-09,7.837185949183222e-08,17
66,0,2021-05-06 05:30:00,4642436.000539392,1028631.3683737761,4236856.591760905,4.195473375953696e-09,7.987116042541847e-08,19
67,0,2021-05-06 05:35:00,4642435.795795005,1028631.2844739628,4236856.625655319,2.0456549898284187e-09,7.861997211145959e-08,19
68,0,2021-05-06 05:40:00,4642435.330575103,1028631.4915847498,4236856.248171745,2.701372784988921e-09,7.85300795199819e-08,19
69,0,2021-05-06 05:45:00,4642435.334065077,1028631.8403778956,4236856.1504710475,4.851888764158076e-09,8.078518812320334e-08,17
70,0,2021-05-06 05:50:00,4642433.785178945,1028632.0817041674,4236855.110421016,2.64764530963134e-10,7.389755166714447e-08,17
71,0,2021-05-06 05:55:00,4642432.97448519,1028631.7401826235,4236854.379232734,3.921511133978582e-09,7.7134873174914e-08,17
72,0,2021-05-06 06:00:00,4642434.130645275,1028631.5933520817,4236854.811474054,3.094536234166513e-10,7.493645729574828e-08,17
73,0,2021-05-06 06:05:00,4642433.855671434,1028631.7678646753,4236855.039830164,4.845861500308851e-10,7.565238335345587e-08,17
74,0,2021-05-06 06:10:00,4642433.323140567,1028631.5973185214,4236854.187141635,-8.960017272349518e-10,7.333376720897935e-08,17
75,0,2021-05-06 06:15:00,4642433.718281676,1028631.9423742102,4236854.184591574,2.2423072413860995e-09,7.616236218476798e-08,17
76,0,2021-05-06 06:20:00,4642431.494163029,1028631.5990575583,4236851.001535959,-6.101930312264888e-09,6.511126606102085e-08,15
77,0,2021-05-06 06:25:00,4642433.051717745,1028631.9081423706,4236853.21413728,-2.724393514792768e-09,7.139137975754768e-08,17
78,0,2021-05-06 06:30:00,4642431.699292362,1028632.103655687,4236851.0265043955,-6.457251217340841e-09,6.600872959142322e-08,14
79,0,2021-05-06 06:35:00,4642431.129040484,1028631.6783702265,4236851.364206946,1.2091639354235633e-09,7.288250237415575e-08,14
80,0,2021-05-06 06:40:00,4642430.969043325,1028631.7667201628,4236851.5569084855,-5.482984365897712e-10,7.1000993308929e-08,14
81,0,2021-05-06 06:45:00,4642432.772864879,1028631.5881656221,4236853.450975119,4.68253335642704e-09,7.948020337763978e-08,15
82,0,2021-05-06 06:50:00,4642431.123791122,1028632.2460167542,4236852.111465632,8.858405424909411e-10,7.289784050653563e-08,13
83,0,2021-05-06 06:55:00,4642431.639080185,1028630.9338629417,4236854.321345016,5.982330331898772e-09,8.187852719642147e-08,17
84,0,2021-05-06 07:00:00,4642431.998342808,1028630.9051056666,4236854.078181524,3.6151100346940844e-09,7.788511707032115e-08,18
85,0,2021-05-06 07:05:00,4642431.5531852525,1028630.5442781107,4236853.907146289,3.4068081701094534e-09,7.782899832564914e-08,18
86,0,2021-05-06 07:10:00,4642431.595754955,1028630.3960726022,4236853.768778404,2.4081795664132346e-09,7.705086307501756e-08,19
87,0,2021-05-06 07:15:00,4642432.150276056,1028630.7549652221,4236854.2762019625,5.8577026671911745e-09,8.074276087756498e-08,17
88,0,2021-05-06 07:20:00,4642432.509024373,1028630.6721219466,4236854.501803381,6.135871137298405e-09,8.17717612130359e-08,16
89,0,2021-05-06 07:25:00,4642432.093411929,1028630.7386054653,4236854.124965233,7.1658572503998494e-09,8.223189884473671e-08,16
90,0,2021-05-06 07:30:00,4642432.063860303,1028630.3195082303,4236854.464189665,5.088886487078405e-09,8.084177043550509e-08,17
91,0,2021-05-06 07:35:00,4642431.765549747,1028630.3236840465,4236854.897093067,7.467442864861198e-09,8.223623344499556e-08,16
92,0,2021-05-06 07:40:00,4642431.045019722,1028629.9782160654,4236854.464653619,6.114873763984857e-09,8.115633937890075e-08,15
93,0,2021-05-06 07:45:00,4642431.740067477,1028629.8289682255,4236855.457765154,5.978364889817369e-09,8.220819776579071e-08,16
94,0,2021-05-06 07:50:00,4642431.253245835,1028629.8705419573,4236855.378267364,4.442002359660871e-09,7.976355675549869e-08,16
95,0,2021-05-06 07:55:00,4642431.164003697,1028629.5776559568,4236855.585472805,5.8214868389565145e-09,8.250631750853155e-08,17
96,0,2021-05-06 08:00:00,4642431.908814689,1028630.059978881,4236855.943758903,8.102771680195835e-09,8.407581480661433e-08,16
97,0,2021-05-06 08:05:00,4642432.243443268,1028630.141229469,4236856.536426372,1.00865719629672e-08,8.6054530887351e-08,16
98,0,2021-05-06 08:10:00,4642432.565400506,1028630.2321375397,4236856.517635645,1.2164268933883174e-08,8.822752454737452e-08,16
99,0,2021-05-06 08:15:00,4642432.128388697,1028630.2926003503,4236856.805891168,9.517317053746954e-09,8.593587754549863e-08,17
100,0,2021-05-06 08:20:00,4642432.1388914315,1028630.2124975836,4236856.800687913,9.418572385879126e-09,8.559098370971442e-08,15
101,0,2021-05-06 08:25:00,4642433.143925517,1028630.6659947963,4236857.479101498,1.404818126764284e-08,9.057089451531986e-08,14
102,0,2021-05-06 08:30:00,4642432.274407241,1028630.3585435183,4236856.871784918,1.5392097547221117e-08,9.119969768165979e-08,15
103,0,2021-05-06 08:35:00,4642431.901732391,1028630.106353141,4236856.927463423,1.6596804215994943e-08,9.400448000848295e-08,15
104,0,2021-05-06 08:40:00,4642432.162780526,1028630.3799666691,4236856.974012094,1.1368044351203993e-08,8.773044956450472e-08,15
105,0,2021-05-06 08:45:00,4642432.304927651,1028630.4733581095,4236857.216764229,1.3339951487609822e-08,8.975246453065298e-08,15
106,0,2021-05-06 08:50:00,4642431.454913012,1028630.6549428052,4236854.853693681,8.771848048189483e-09,8.048106678341599e-08,11
107,0,2021-05-06 08:55:00,4642432.541596001,1028630.730291948,4236854.223479297,1.2175982842546255e-08,8.215999845070584e-08,10
108,0,2021-05-06 09:00:00,4642433.228777563,1028630.7267668346,4236857.433188824,1.720949351372706e-08,9.45673793389524e-08,15
109,0,2021-05-06 09:05:00,4642433.366790507,1028630.3215623237,4236857.339293023,1.673400032864703e-08,9.410175213544435e-08,16
110,0,2021-05-06 09:10:00,4642432.40741092,1028630.3927004756,4236856.973710539,1.9362007374280537e-08,9.760380732524565e-08,15
111,0,2021-05-06 09:15:00,4642432.599195301,1028630.1699743036,4236857.381293079,1.810681729277328e-08,9.600130020612652e-08,15
112,0,2021-05-06 09:20:00,4642432.579606721,1028630.405151348,4236857.210602229,2.0082056835213548e-08,9.828957825159406e-08,15
113,0,2021-05-06 09:25:00,4642432.295292215,1028630.2428223904,4236857.330369553,1.7041313777604175e-08,9.468766575584203e-08,15
114,0,2021-05-06 09:30:00,4642431.896976351,1028630.1488838737,4236856.83685829,1.9716668333392877e-08,9.73424773226158e-08,15
115,0,2021-05-06 09:35:00,4642431.918172666,1028629.9809144196,4236856.553954111,1.84250684987823e-08,9.722499935370438e-08,15
116,0,2021-05-06 09:40:00,4642430.554319002,1028629.8148375505,4236856.028938819,1.7052533993860455e-08,9.450016529257285e-08,14
117,0,2021-05-06 09:45:00,4642430.825770097,1028629.8818852747,4236856.203496616,1.8467677743006452e-08,9.66586377824801e-08,14
118,0,2021-05-06 09:50:00,4642430.339657164,1028629.4577877559,4236855.653641111,1.7254488588461648e-08,9.464584570295744e-08,13
119,0,2021-05-06 09:55:00,4642430.555117,1028629.640157684,4236855.618848104,1.871531412720769e-08,9.681229623511162e-08,14
120,0,2021-05-06 10:00:00,4642429.870711013,1028629.6156054217,4236854.893690084,1.8423988121262014e-08,9.836910386089581e-08,12
121,0,2021-05-06 10:05:00,4642430.382598359,1028629.2629364935,4236854.84915924,1.8832267602570277e-08,9.894193504943004e-08,12
122,0,2021-05-06 10:10:00,4642430.471542077,1028629.0682409037,4236855.348038911,2.045556084573244e-08,9.853983680916805e-08,15
123,0,2021-05-06 10:15:00,4642429.902454287,1028629.1377303974,4236855.238146724,1.902229263956214e-08,9.814461046427938e-08,14
124,0,2021-05-06 10:20:00,4642429.757884757,1028628.9591525014,4236854.979511348,1.6515742665973022e-08,9.559690120001682e-08,14
125,0,2021-05-06 10:25:00,4642429.161999232,1028628.6679870689,4236854.109707778,1.50893068720796e-08,9.348811815758108e-08,13
126,0,2021-05-06 10:30:00,4642429.8244977575,1028628.6320901703,4236854.366936694,1.4339301769508752e-08,9.302258929772134e-08,13
127,0,2021-05-06 10:35:00,4642430.723580147,1028629.0905058517,4236854.80838281,1.7698455052172406e-08,9.59601951003269e-08,14
128,0,2021-05-06 10:40:00,4642431.057425496,1028629.1376510588,4236854.751261275,1.5443156134169157e-08,9.320330707895707e-08,15
129,0,2021-05-06 10:45:00,4642431.719638082,1028628.9611556767,4236855.305707023,1.7356217654677075e-08,9.543659193175253e-08,15
130,0,2021-05-06 10:50:00,4642431.875742593,1028629.2971095042,4236855.071045187,1.649616357762665e-08,9.395037525142936e-08,15
131,0,2021-05-06 10:55:00,4642432.443937265,1028628.9408529876,4236855.096465759,1.8748723389115252e-08,9.604390360506029e-08,16
132,0,2021-05-06 11:00:00,4642432.401695897,1028628.8727272063,4236854.712462954,1.8085946146158093e-08,9.519337275461114e-08,14
133,0,2021-05-06 11:05:00,4642432.612181065,1028628.8472202375,4236854.557290506,1.863342545667531e-08,9.56581607814658e-08,14
134,0,2021-05-06 11:10:00,4642433.243067374,1028628.9544944149,4236854.709317888,2.0071330933955042e-08,9.758372665454628e-08,14
135,0,2021-05-06 11:15:00,4642433.748229163,1028629.1983770734,4236855.2356521515,2.629742088009107e-08,1.0369879513472676e-07,14
136,0,2021-05-06 11:20:00,4642433.557122148,1028629.166871401,4236854.953148363,1.701742910250695e-08,9.408883021293831e-08,14
137,0,2021-05-06 11:25:00,4642433.966621245,1028629.042714276,4236855.487520245,2.0588252969683434e-08,9.80410376898758e-08,14
138,0,2021-05-06 11:30:00,4642434.8981306,1028629.4492414556,4236855.671168704,1.844400954454885e-08,9.624123359930325e-08,14
139,0,2021-05-06 11:35:00,4642436.33292143,1028629.6955238135,4236856.154356559,2.2542640901232967e-08,1.000761649188174e-07,13
140,0,2021-05-06 11:40:00,4642436.850475367,1028630.3461875462,4236857.750639749,2.4190956553384383e-08,1.038721042760334e-07,15
141,0,2021-05-06 11:45:00,4642433.929270691,1028628.5293508447,4236857.426693811,1.7131233373132702e-08,9.78889977734095e-08,14
142,0,2021-05-06 11:50:00,4642434.706348305,1028628.1644599022,4236858.043016532,1.9793711518581578e-08,1.0227018162713611e-07,14
143,0,2021-05-06 11:55:00,4642434.462827131,1028628.4458347448,4236858.722008291,1.9532756017118137e-08,1.0106939752818528e-07,14
144,0,2021-05-06 12:00:00,4642436.470422118,1028630.7918103724,4236859.365106612,3.3129474741299106e-08,1.1081642416741669e-07,14
145,0,2021-05-06 12:05:00,4642435.7392317355,1028630.837165432,4236859.632195752,3.32909996319513e-08,1.0985046937979934e-07,14
146,0,2021-05-06 12:10:00,4642435.193695087,1028630.3320756605,4236858.015081963,3.0660429825717534e-08,1.0833263564294993e-07,14
147,0,2021-05-06 12:15:00,4642435.380465201,1028630.298698423,4236857.623147122,2.7983326591314473e-08,1.0598374115394729e-07,15
148,0,2021-05-06 12:20:00,4642434.004812567,1028629.4533735877,4236855.681649233,2.4995204547743688e-08,1.0086254220918115e-07,14
149,0,2021-05-06 12:25:00,4642434.152436415,1028629.8013449814,4236855.391366609,2.8524857130345986e-08,1.036220603500432e-07,14
150,0,2021-05-06 12:30:00,4642433.868937342,1028630.3980225751,4236857.098819441,3.3013904381226014e-08,1.1056001355449919e-07,15
151,0,2021-05-06 12:35:00,4642434.588608549,1028630.5426897635,4236857.343517881,3.1847809678391087e-08,1.0868556936888482e-07,16
152,0,2021-05-06 12:40:00,4642433.56317786,1028630.3981745228,4236856.738026169,3.0155853439602964e-08,1.065105884577024e-07,16
153,0,2021-05-06 12:45:00,4642433.519351573,1028630.5199786404,4236856.819480063,2.906346011303545e-08,1.0511750094611997e-07,16
154,0,2021-05-06 12:50:00,4642432.91655212,1028630.3803119463,4236856.2106379885,2.8763198127102605e-08,1.0458521055539561e-07,16
155,0,2021-05-06 12:55:00,4642432.674039407,1028630.4915444008,4236856.1432539355,2.777384949284083e-08,1.0303379681085512e-07,16
156,0,2021-05-06 13:00:00,4642432.429395754,1028630.542432971,4236856.316481584,2.8428956120944574e-08,1.0397105446131653e-07,16
157,0,2021-05-06 13:05:00,4642432.47530946,1028630.5131569704,4236856.798662074,2.9821419735334267e-08,1.0484603277974535e-07,17
158,0,2021-05-06 13:10:00,4642432.551060481,1028630.7324354174,4236856.525497364,3.0372617126156767e-08,1.0527543250755151e-07,16
159,0,2021-05-06 13:15:00,4642432.915424783,1028630.9892019993,4236856.863536771,3.210797398500887e-08,1.0709483163267752e-07,16
160,0,2021-05-06 13:20:00,4642431.328716517,1028630.1211139625,4236855.95405687,2.6326819416173935e-08,1.0261247832119571e-07,16
161,0,2021-05-06 13:25:00,4642431.17887597,1028630.0436787341,4236855.93912576,2.3688705382474557e-08,9.930821880443205e-08,16
162,0,2021-05-06 13:30:00,4642431.061957993,1028630.2012313869,4236855.988839477,2.3568264746139264e-08,9.902804208008526e-08,15
163,0,2021-05-06 13:35:00,4642430.919905256,1028630.0074682538,4236855.858990743,2.1153152888420886e-08,9.71540586076845e-08,15
164,0,2021-05-06 13:40:00,4642431.35847362,1028630.5443553821,4236856.376415108,2.5233910838917393e-08,9.89354869200181e-08,15
165,0,2021-05-06 13:45:00,4642431.029301522,1028630.4408858529,4236856.788938323,2.2695859481094238e-08,9.652450253900552e-08,14
166,0,2021-05-06 13:50:00,4642431.6227106545,1028630.2481488308,4236857.624553263,2.1758593438080926e-08,9.690993769702183e-08,15
167,0,2021-05-06 13:55:00,4642432.177049418,1028630.5111450473,4236858.216893111,2.9754882848586445e-08,1.0507247457532073e-07,16
168,0,2021-05-06 14:00:00,4642432.624323682,1028630.828580375,4236858.668662275,3.052889683789522e-08,1.0507205868873489e-07,16
169,0,2021-05-06 14:05:00,4642432.997128846,1028631.1846959636,4236859.382664926,3.242664052738616e-08,1.067675185758266e-07,16
170,0,2021-05-06 14:10:00,4642433.430243205,1028631.3965805746,4236860.1150689395,3.2951376292689035e-08,1.0722223455029608e-07,17
171,0,2021-05-06 14:15:00,4642433.9379756665,1028631.6966608342,4236861.301891649,3.446664974892337e-08,1.0957715963120094e-07,16
172,0,2021-05-06 14:20:00,4642434.4302596925,1028631.721155835,4236861.717417348,3.5785062039812685e-08,1.0932202003787171e-07,17
173,0,2021-05-06 14:25:00,4642433.967112081,1028631.5388549945,4236861.686478689,3.4605939549770516e-08,1.0771402999750545e-07,17
174,0,2021-05-06 14:30:00,4642434.1855912525,1028632.5955736805,4236861.744946069,3.69621619096887e-08,1.1162361506457198e-07,16
175,0,2021-05-06 14:35:00,4642433.5421786485,1028632.0381524535,4236861.345792899,3.453376934911444e-08,1.1009907738614096e-07,17
176,0,2021-05-06 14:40:00,4642433.552237816,1028632.1910155878,4236860.667237426,3.3004252523381006e-08,1.085199394285065e-07,17
177,0,2021-05-06 14:45:00,4642433.190390432,1028632.0265985037,4236860.0841471935,3.799794416326919e-08,1.1285342511695191e-07,15
178,0,2021-05-06 14:50:00,4642432.71532258,1028631.9855193447,4236858.663643763,2.8740436811172075e-08,1.0332331002322102e-07,15
179,0,2021-05-06 14:55:00,4642432.38827047,1028631.6071084677,4236858.610304595,2.5625379246316792e-08,1.0152305920184361e-07,15
180,0,2021-05-06 15:00:00,4642431.9227747135,1028631.5406527456,4236857.583159743,2.097700654060787e-08,9.631925583640168e-08,15
181,0,2021-05-06 15:05:00,4642430.434946459,1028631.009152993,4236856.015991351,1.8910231717695734e-08,9.293777802926056e-08,16
182,0,2021-05-06 15:10:00,4642430.54325631,1028630.8540518639,4236855.602784131,1.5569022618867288e-08,9.044812864741454e-08,16
183,0,2021-05-06 15:15:00,4642430.364037995,1028630.6746181932,4236855.2024879465,1.3534341833342465e-08,8.821227912948532e-08,15
184,0,2021-05-06 15:20:00,4642430.449001451,1028630.7955979554,4236854.808570868,1.6479150721806365e-08,9.202722105092195e-08,15
185,0,2021-05-06 15:25:00,4642430.236171004,1028630.9370396269,4236854.465315488,1.5456561249679376e-08,9.020739076565871e-08,15
186,0,2021-05-06 15:30:00,4642429.774002591,1028631.0474106313,4236854.50114106,1.2384638425965878e-08,8.780325555094087e-08,12
187,0,2021-05-06 15:35:00,4642431.012266787,1028631.0423116155,4236855.071046999,1.5232926483699843e-08,9.088904434370581e-08,12
188,0,2021-05-06 15:40:00,4642430.354148378,1028630.0031892376,4236854.390394679,1.3244915275001237e-08,8.51964789877731e-08,13
189,0,2021-05-06 15:45:00,4642430.954983668,1028629.9992691049,4236854.475383351,1.514995006235633e-08,8.716456221432734e-08,12
190,0,2021-05-06 15:50:00,4642430.616227125,1028629.9089390208,4236855.8300309,1.60133138288303e-08,9.042259931444996e-08,13
191,0,2021-05-06 15:55:00,4642429.983304404,1028629.3617928649,4236854.002236892,1.4075656893475306e-08,8.631262757278103e-08,12
192,0,2021-05-06 16:00:00,4642429.981326024,1028629.1249349371,4236854.175832665,1.3083972434168865e-08,8.546998848686826e-08,12
193,0,2021-05-06 16:05:00,4642429.332487123,1028628.7906018898,4236854.063835562,1.6601573621720395e-08,8.999235895792684e-08,12
194,0,2021-05-06 16:10:00,4642431.010004637,1028628.6364930432,4236856.242197073,1.8900139738217184e-08,9.487291717242848e-08,16
195,0,2021-05-06 16:15:00,4642430.706277472,1028628.61857461,4236856.3104876,1.9476497018287208e-08,9.52936284179678e-08,16
196,0,2021-05-06 16:20:00,4642429.77861595,1028629.035439069,4236854.215996312,1.4116033643319116e-08,8.589792148780876e-08,15
197,0,2021-05-06 16:25:00,4642430.270895524,1028628.3249375547,4236854.9438846335,1.4858249916269003e-08,8.86382975328584e-08,15
198,0,2021-05-06 16:30:00,4642427.90463121,1028627.8161361302,4236853.940541555,9.062070195632043e-09,8.084589872295226e-08,15
199,0,2021-05-06 16:35:00,4642427.5589903435,1028627.6863273383,4236853.4288369855,5.2190100353938674e-09,7.756900312424592e-08,14
200,0,2021-05-06 16:40:00,4642428.896465513,1028628.7159740335,4236852.581143149,7.07132398810368e-09,8.726312455309901e-08,12
201,0,2021-05-06 16:45:00,4642429.094145485,1028628.7484579823,4236852.460700712,9.885139870971298e-09,9.085887835777545e-08,12
202,0,2021-05-06 16:50:00,4642429.326912256,1028628.2864723139,4236854.004227255,1.5109595093490587e-08,9.006606733391525e-08,15
203,0,2021-05-06 16:55:00,4642429.74403386,1028628.0678797518,4236854.212622482,1.1858256695952198e-08,8.756475018200046e-08,15
204,0,2021-05-06 17:00:00,4642429.978568533,1028627.9960354812,4236853.263147944,1.0631260894330486e-08,8.398028927531237e-08,14
205,0,2021-05-06 17:05:00,4642430.460176693,1028628.046578261,4236853.640278856,1.1778564701528343e-08,8.466923640668516e-08,14
206,0,2021-05-06 17:10:00,4642430.910498406,1028628.1409186842,4236855.749965793,1.4702282385474267e-08,9.031994339750128e-08,16
207,0,2021-05-06 17:15:00,4642430.965433875,1028628.3131933899,4236856.656929304,1.5151114652011087e-08,9.031022512709657e-08,17
208,0,2021-05-06 17:20:00,4642430.9870586675,1028628.3810273653,4236856.848115162,1.547309872391923e-08,9.098561476252568e-08,17
209,0,2021-05-06 17:25:00,4642430.919877964,1028628.5650131818,4236857.317983694,1.3818495235022575e-08,8.89048835637779e-08,16
210,0,2021-05-06 17:30:00,4642431.442316203,1028628.3406625764,4236858.301592999,1.5499641794388173e-08,9.200278723689925e-08,17
211,0,2021-05-06 17:35:00,4642431.446493961,1028628.4395378004,4236858.581040244,1.6702475258471358e-08,9.196848614408868e-08,18
212,0,2021-05-06 17:40:00,4642432.034036012,1028627.9969546493,4236859.443224658,2.1314656947668623e-08,9.79776526724686e-08,19
213,0,2021-05-06 17:45:00,4642431.61961054,1028627.9468553675,4236859.372379665,2.1767076027299197e-08,9.804457740765052e-08,19
214,0,2021-05-06 17:50:00,4642431.761548481,1028627.4877293874,4236857.672180941,1.826172788047008e-08,8.904868834198808e-08,16
215,0,2021-05-06 17:55:00,4642432.09468197,1028627.0696333615,4236858.439250183,1.6687017970552e-08,8.73142411305796e-08,16
216,0,2021-05-06 18:00:00,4642433.126277141,1028627.6386415861,4236859.067311029,2.0677171213455547e-08,9.448566636802271e-08,17
217,0,2021-05-06 18:05:00,4642432.493374332,1028627.770498966,4236858.951178281,1.696542941549895e-08,9.122885166031972e-08,17
218,0,2021-05-06 18:10:00,4642433.066719859,1028628.0610460318,4236858.6029548645,1.6744360339779246e-08,9.622691830537119e-08,15
219,0,2021-05-06 18:15:00,4642431.646114784,1028628.1507022952,4236857.538564383,1.2594924075532094e-08,9.158836418634608e-08,15
220,0,2021-05-06 18:20:00,4642432.72731584,1028627.360634373,4236859.412934494,1.7357256446191632e-08,8.938115309262492e-08,17
221,0,2021-05-06 18:25:00,4642433.275871857,1028627.5375019368,4236859.392045467,1.7297035934192807e-08,8.841937055193956e-08,17
222,0,2021-05-06 18:30:00,4642433.632679031,1028627.1449022874,4236860.045206496,1.9150119627567575e-08,9.027205533334016e-08,18
223,0,2021-05-06 18:35:00,4642433.276728991,1028627.24242632,4236859.272308251,1.3071157777180169e-08,8.370740293636189e-08,18
224,0,2021-05-06 18:40:00,4642433.499470256,1028627.1247116744,4236859.508228638,1.1646198163994546e-08,8.14348939805211e-08,18
225,0,2021-05-06 18:45:00,4642434.2843862055,1028626.4835401818,4236859.458693892,1.4366045407609114e-08,8.185993371084049e-08,17
226,0,2021-05-06 18:50:00,4642434.039501892,1028626.9894807171,4236860.063654689,1.3163545238017818e-08,8.188554791403468e-08,16
227,0,2021-05-06 18:55:00,4642434.144453305,1028626.7471357415,4236859.958082585,1.2710174267617089e-08,8.111874339621716e-08,16
228,0,2021-05-06 19:00:00,4642434.084836415,1028626.8150010742,4236858.800727266,7.28595962507329e-09,7.447811979276763e-08,17
229,0,2021-05-06 19:05:00,4642433.441527081,1028627.0144807942,4236858.201478641,7.181993385991105e-09,7.374622943978373e-08,17
230,0,2021-05-06 19:10:00,4642434.114965933,1028627.100605217,4236858.410005446,7.344395979097226e-09,7.452923590749827e-08,17
231,0,2021-05-06 19:15:00,4642433.722576135,1028627.3556188451,4236858.215808615,7.508322430837074e-09,7.377706744684534e-08,16
232,0,2021-05-06 19:20:00,4642433.834336562,1028627.5363066535,4236858.323620666,7.488109846396982e-09,7.442106548402619e-08,16
233,0,2021-05-06 19:25:00,4642434.43309831,1028627.8226637178,4236858.60114733,8.653864614783874e-09,7.585917732861706e-08,16
234,0,2021-05-06 19:30:00,4642433.681849233,1028627.7602330237,4236858.747437126,4.645555779458888e-09,7.160192457800858e-08,17
235,0,2021-05-06 19:35:00,4642433.924336442,1028628.0858090771,4236858.695203753,4.158079584078143e-09,7.144079684694485e-08,17
236,0,2021-05-06 19:40:00,4642434.03291975,1028628.426331649,4236858.518957103,6.092957014344725e-09,7.357348626072837e-08,17
237,0,2021-05-06 19:45:00,4642433.459770052,1028627.9366730688,4236858.087674876,2.3903372034302946e-09,6.887333439839994e-08,16
238,0,2021-05-06 19:50:00,4642433.569302676,1028628.3827655033,4236859.043627918,4.579403089749113e-09,7.148482511488153e-08,17
239,0,2021-05-06 19:55:00,4642433.209651119,1028628.6235760063,4236859.250725725,3.5655628350574826e-09,7.025135524638878e-08,18
240,0,2021-05-06 20:00:00,4642433.103239711,1028629.0460196718,4236858.768857935,3.2927775335080166e-09,6.882033339020962e-08,17
241,0,2021-05-06 20:05:00,4642433.037638502,1028629.0263425104,4236858.682032532,3.3407217286059985e-09,6.932606780339916e-08,17
242,0,2021-05-06 20:10:00,4642432.533652596,1028629.042549629,4236858.260278978,2.1665226137725035e-09,6.705560691416428e-08,16
243,0,2021-05-06 20:15:00,4642432.093647797,1028628.998936058,4236858.122201297,2.6661130145976956e-09,6.75014659156298e-08,15
244,0,2021-05-06 20:20:00,4642431.7939399965,1028629.3001076357,4236858.358327528,2.8284719244067387e-09,6.666096901156852e-08,16
245,0,2021-05-06 20:25:00,4642430.494511822,1028629.6790220679,4236858.022530483,-3.799223623195095e-09,5.903413849409009e-08,15
246,0,2021-05-06 20:30:00,4642429.539450621,1028629.5509045633,4236857.555882228,2.1816140094348436e-10,6.184104067634795e-08,15
247,0,2021-05-06 20:35:00,4642429.699391665,1028629.2973682801,4236857.220214047,-3.808663507863908e-09,5.780871694342441e-08,15
248,0,2021-05-06 20:40:00,4642430.05647734,1028629.3971253685,4236857.155671298,-3.5489784671717035e-09,5.781608207893528e-08,15
249,0,2021-05-06 20:45:00,4642429.514856322,1028629.668020363,4236856.026496483,-6.231523078902941e-09,5.3692068867187564e-08,15
250,0,2021-05-06 20:50:00,4642430.056071592,1028630.013396031,4236856.490817462,-3.5707656413476593e-09,5.578656594625181e-08,15
251,0,2021-05-06 20:55:00,4642429.851505876,1028629.7585994699,4236856.575054074,-3.362433355311966e-09,5.669905765588025e-08,15
252,0,2021-05-06 21:00:00,4642429.664749653,1028629.6155450706,4236856.33157303,-7.247127219113339e-10,5.8360340034563454e-08,15
253,0,2021-05-06 21:05:00,4642429.973029515,1028629.9772296348,4236856.366067779,-2.085378226618358e-09,5.704471089304341e-08,15
254,0,2021-05-06 21:10:00,4642430.772244978,1028629.6769733855,4236856.590384096,3.201229402046817e-10,5.9136046462173736e-08,15
255,0,2021-05-06 21:15:00,4642429.351738144,1028629.6622622903,4236855.609233748,-3.761483652529423e-09,5.454734829319876e-08,15
256,0,2021-05-06 21:20:00,4642427.782445266,1028629.4932392108,4236854.05876182,-7.430714710660613e-09,5.2906963791798984e-08,14
257,0,2021-05-06 21:25:00,4642429.011461915,1028629.0694547732,4236854.210650046,-7.42218638107648e-09,5.33969997417067e-08,14
258,0,2021-05-06 21:30:00,4642429.488013747,1028629.2732636521,4236855.255686364,-4.326100072275725e-09,5.26862467222341e-08,15
259,0,2021-05-06 21:35:00,4642429.638425641,1028629.1956613708,4236855.011664273,-3.990481916752256e-09,5.287804876998703e-08,15
260,0,2021-05-06 21:40:00,4642429.812926925,1028629.1140717207,4236854.655672194,-7.043163025302346e-09,5.017150146593069e-08,15
261,0,2021-05-06 21:45:00,4642430.076406225,1028628.8121192784,4236854.525370472,-4.664042542968522e-09,5.252966022993112e-08,17
262,0,2021-05-06 21:50:00,4642429.975497397,1028628.8553166441,4236854.400497881,-4.918991006519091e-09,5.286234455691336e-08,17
263,0,2021-05-06 21:55:00,4642429.999527501,1028628.5116628911,4236854.003080933,-5.1839440138358926e-09,5.1734818040748334e-08,17
264,0,2021-05-06 22:00:00,4642430.292696593,1028628.1171157873,4236853.795231315,-6.978274079073644e-09,5.121355289801055e-08,17
265,0,2021-05-06 22:05:00,4642430.187948365,1028628.1806776675,4236853.433856098,-5.873553087501607e-09,5.1803169234553536e-08,18
266,0,2021-05-06 22:10:00,4642430.324649708,1028628.46421674,4236853.374738588,-6.610818576142844e-09,5.0557815332244596e-08,18
267,0,2021-05-06 22:15:00,4642431.768027711,1028628.34120063,4236853.998898201,-5.833796990130813e-09,5.2705064713201723e-08,18
268,0,2021-05-06 22:20:00,4642431.517748336,1028628.389748899,4236853.892607066,-4.847820752188373e-09,5.311405083855525e-08,18
269,0,2021-05-06 22:25:00,4642431.471950851,1028627.9423787213,4236853.56221905,-4.530366748543693e-09,5.32038064561741e-08,17
270,0,2021-05-06 22:30:00,4642432.31090574,1028627.8072132741,4236853.480368877,-1.4517005236308674e-09,5.330053848647521e-08,16
271,0,2021-05-06 22:35:00,4642432.931745956,1028627.6869281163,4236853.468372196,-1.55739858871737e-09,5.3534176481113666e-08,16
272,0,2021-05-06 22:40:00,4642431.885724918,1028628.0582355729,4236853.299236922,-4.1881596458630436e-09,5.28238955665631e-08,17
273,0,2021-05-06 22:45:00,4642431.557203076,1028628.1950049943,4236852.894050877,-5.832955580073634e-09,4.979107912372138e-08,16
274,0,2021-05-06 22:50:00,4642431.064961592,1028627.5771194312,4236852.095314121,-6.377829438059166e-09,5.066277733674819e-08,16
275,0,2021-05-06 22:55:00,4642431.015275369,1028627.7926518702,4236852.027283024,-5.460782281578722e-09,5.053531993689557e-08,15
276,0,2021-05-06 23:00:00,4642430.68220105,1028627.4745344761,4236852.109430532,-4.1335728601086875e-09,5.210457656465877e-08,16
277,0,2021-05-06 23:05:00,4642433.668064541,1028628.9903884319,4236852.969799957,-8.992245769738223e-10,5.6825894065267324e-08,17
278,0,2021-05-06 23:10:00,4642433.503717481,1028628.7186743164,4236853.060804463,4.520403925152649e-10,5.8697778279694934e-08,17
279,0,2021-05-06 23:15:00,4642431.0753098,1028627.3615472873,4236851.919123255,-5.934149860411487e-09,4.97886455718617e-08,16
280,0,2021-05-06 23:20:00,4642431.267790675,1028627.4031932757,4236852.669495696,-3.8577674779937664e-09,5.199226335340012e-08,15
281,0,2021-05-06 23:25:00,4642431.981227045,1028627.8361992282,4236853.227189157,-2.0373557444607883e-09,5.449463275665822e-08,16
282,0,2021-05-06 23:30:00,4642431.464539718,1028627.2607963508,4236853.303270393,-1.7818278693854253e-09,5.60441269373667e-08,14
283,0,2021-05-06 23:35:00,4642431.259062266,1028627.2430386874,4236853.514581164,-1.1191902698826085e-09,5.7033134736458455e-08,14
284,0,2021-05-06 23:40:00,4642431.226566061,1028629.0841410384,4236855.016234377,4.946867539704712e-09,6.774730774350017e-08,13
285,0,2021-05-06 23:45:00,4642431.778803773,1028629.1407661743,4236855.579868883,4.751842888558245e-09,6.834382262603714e-08,12
286,0,2021-05-06 23:50:00,,,,,,0
287,0,2021-05-06 23:55:00,,,,,,0
